Month,Weekday,No-show
April,Friday,0.1956723338485317
June,Friday,0.19682151589242053
June,Monday,0.1860613810741688
June,Thursday,0.18607888631090488
June,Tuesday,0.18478260869565216
June,Wednesday,0.17734540981773453
May,Friday,0.22225072686847958
May,Monday,0.2117849414636853
May,Saturday,0.23076923076923078
May,Thursday,0.19602689959032232
May,Tuesday,0.20429702223897475
May,Wednesday,0.207220515244623
